<?xml version="1.0" encoding="UTF-8"?>
<!DOCTYPE questestinterop SYSTEM "ims_qtiasiv1p2p1.dtd">

<questestinterop>
<assessment ident="brighton_remembering_canvas_quiz_23MAY2023_788251461" title="brighton_remembering_canvas_quiz_23MAY2023">

<qtimetadata>
<qtimetadatafield>
<fieldlabel>cc_maxattempts</fieldlabel>
<fieldentry>1</fieldentry>
</qtimetadatafield>
<qtimetadatafield>
<fieldlabel>qmd_assessmenttype</fieldlabel>
<fieldentry>Assessment</fieldentry>
</qtimetadatafield>
</qtimetadata>
<objectives>
<material>
<mattext><![CDATA[Please solve the following exercises.]]></mattext>
</material>
</objectives>
<assessmentcontrol feedbackswitch="No" hintswitch="No" solutionswitch="Yes"/>
<outcomes_processing scoremodel="SumOfScores">
<outcomes>
<decvar varname="SCORE" vartype="Decimal" cutvalue="0"/>
</outcomes>
</outcomes_processing>
<assessfeedback title="AssessmentFeedback" ident="AssessmentFeedback">
<flow_mat>
<material>
<mattext>##AssessmentFeedback##</mattext>
</material>
</flow_mat>
</assessfeedback>

<section ident="brighton_remembering_canvas_quiz_23MAY2023_788251461_section_1" title="Exercise">

<objectives>
<material>
<mattext><![CDATA[Please answer the following question.]]></mattext>
</material>
</objectives>
<selection_ordering>
<selection>
<selection_number>1</selection_number>
<selection_extension>
<points_per_item>1</points_per_item>
</selection_extension>
</selection>
<order order_type="Random"/>
</selection_ordering>

<item ident="brighton_remembering_canvas_quiz_23MAY2023_788251461_section_1_item_1_string" title="Question" maxattempts="1">
<itemcontrol feedbackswitch="No" hintswitch="No" solutionswitch="Yes"/>
<itemmetadata>
<qtimetadata>
<qtimetadatafield>
<fieldlabel>question_type</fieldlabel>
<fieldentry></fieldentry>
</qtimetadatafield>
</qtimetadata>
</itemmetadata>
<presentation>
<flow>
<material>
<matbreak/>
<mattext texttype="text/html" charset="utf-8"><![CDATA[
<p>Hi!</p>
]]></mattext>
<matbreak/>
</material>
<response_str ident="brighton_remembering_canvas_quiz_23MAY2023_788251461_section_1_item_1_string_RESPONSE_1462678" rcardinality="Single" numtype="Decimal">
<render_fib fibtype="Decimal" maxchars="42">
<flow_label class="Block">
<response_label ident="brighton_remembering_canvas_quiz_23MAY2023_788251461_section_1_item_1_string_RESPONSE_1462678" rshuffle="No"/>
</flow_label>
</render_fib>
</response_str>
<material>
<matbreak/>
</material>
</flow>
</presentation>
<resprocessing>
<outcomes>
<decvar varname="SCORE" vartype="Decimal" defaultval="0" minvalue="0" maxvalue="1" cutvalue="1"/>
</outcomes>
<respcondition title="Mastery" continue="No">
<conditionvar>
<varequal respident="brighton_remembering_canvas_quiz_23MAY2023_788251461_section_1_item_1_string_RESPONSE_1462678" case="No"><![CDATA[1:SHORTANSWER:%100%Lea!~%100%Hi!~%100%Bye!]]></varequal>
</conditionvar>
<setvar varname="SCORE" action="Set">1</setvar>
<displayfeedback feedbacktype="Response" linkrefid="correct_fb"/>
</respcondition>
<respcondition continue="Yes" title="Mastery">
<conditionvar>
<varequal respident="brighton_remembering_canvas_quiz_23MAY2023_788251461_section_1_item_1_string_RESPONSE_1462678" case="No"><![CDATA[1:SHORTANSWER:%100%Lea!~%100%Hi!~%100%Bye!]]></varequal>
</conditionvar>
</respcondition>
<respcondition continue="Yes">
<conditionvar>
<other/>
</conditionvar>
<displayfeedback feedbacktype="Response" linkrefid="general_incorrect_fb"/>
</respcondition>
</resprocessing>
<itemfeedback ident="correct_fb" view="All">
<flow_mat>
<material>
<mattext texttype="text/html"><![CDATA[

]]></mattext>
</material>
</flow_mat>
</itemfeedback>
<itemfeedback ident="general_incorrect_fb" view="All">
<flow_mat>
<material>
<mattext texttype="text/html"><![CDATA[

]]></mattext>
</material>
</flow_mat>
</itemfeedback>
</item>


</section>
<section ident="brighton_remembering_canvas_quiz_23MAY2023_788251461_section_2" title="Exercise">

<objectives>
<material>
<mattext><![CDATA[Please answer the following question.]]></mattext>
</material>
</objectives>
<selection_ordering>
<selection>
<selection_number>1</selection_number>
<selection_extension>
<points_per_item>1</points_per_item>
</selection_extension>
</selection>
<order order_type="Random"/>
</selection_ordering>

<item ident="brighton_remembering_canvas_quiz_23MAY2023_788251461_section_2_item_1_string" title="Question" maxattempts="1">
<itemcontrol feedbackswitch="No" hintswitch="No" solutionswitch="Yes"/>
<itemmetadata>
<qtimetadata>
<qtimetadatafield>
<fieldlabel>question_type</fieldlabel>
<fieldentry></fieldentry>
</qtimetadatafield>
</qtimetadata>
</itemmetadata>
<presentation>
<flow>
<material>
<matbreak/>
<mattext texttype="text/html" charset="utf-8"><![CDATA[
<p>What color is chlorophyll?</p>
]]></mattext>
<matbreak/>
</material>
<response_str ident="brighton_remembering_canvas_quiz_23MAY2023_788251461_section_2_item_1_string_RESPONSE_6023813" rcardinality="Single" numtype="Decimal">
<render_fib fibtype="Decimal" maxchars="12">
<flow_label class="Block">
<response_label ident="brighton_remembering_canvas_quiz_23MAY2023_788251461_section_2_item_1_string_RESPONSE_6023813" rshuffle="No"/>
</flow_label>
</render_fib>
</response_str>
<material>
<matbreak/>
</material>
</flow>
</presentation>
<resprocessing>
<outcomes>
<decvar varname="SCORE" vartype="Decimal" defaultval="0" minvalue="0" maxvalue="1" cutvalue="1"/>
</outcomes>
<respcondition title="Mastery" continue="No">
<conditionvar>
<varequal respident="brighton_remembering_canvas_quiz_23MAY2023_788251461_section_2_item_1_string_RESPONSE_6023813" case="No"><![CDATA[green]]></varequal>
</conditionvar>
<setvar varname="SCORE" action="Set">1</setvar>
<displayfeedback feedbacktype="Response" linkrefid="correct_fb"/>
</respcondition>
<respcondition continue="Yes" title="Mastery">
<conditionvar>
<varequal respident="brighton_remembering_canvas_quiz_23MAY2023_788251461_section_2_item_1_string_RESPONSE_6023813" case="No"><![CDATA[green]]></varequal>
</conditionvar>
</respcondition>
<respcondition continue="Yes">
<conditionvar>
<other/>
</conditionvar>
<displayfeedback feedbacktype="Response" linkrefid="general_incorrect_fb"/>
</respcondition>
</resprocessing>
<itemfeedback ident="correct_fb" view="All">
<flow_mat>
<material>
<mattext texttype="text/html"><![CDATA[

]]></mattext>
</material>
</flow_mat>
</itemfeedback>
<itemfeedback ident="general_incorrect_fb" view="All">
<flow_mat>
<material>
<mattext texttype="text/html"><![CDATA[

]]></mattext>
</material>
</flow_mat>
</itemfeedback>
</item>


</section>
<section ident="brighton_remembering_canvas_quiz_23MAY2023_788251461_section_3" title="Exercise">

<objectives>
<material>
<mattext><![CDATA[Please answer the following question.]]></mattext>
</material>
</objectives>
<selection_ordering>
<selection>
<selection_number>1</selection_number>
<selection_extension>
<points_per_item>1</points_per_item>
</selection_extension>
</selection>
<order order_type="Random"/>
</selection_ordering>

<item ident="brighton_remembering_canvas_quiz_23MAY2023_788251461_section_3_item_1_schoice" title="Question" maxattempts="1">
<itemcontrol feedbackswitch="No" hintswitch="No" solutionswitch="Yes"/>
<itemmetadata>
<qtimetadata>
<qtimetadatafield>
<fieldlabel>question_type</fieldlabel>
<fieldentry>multiple_choice_question</fieldentry>
</qtimetadatafield>
</qtimetadata>
</itemmetadata>
<presentation>
<flow>
<material>
<matbreak/>
<mattext texttype="text/html" charset="utf-8"><![CDATA[
<p>Which of the following is <strong>NOT</strong> a type of bird?</p>
]]></mattext>
<matbreak/>
</material>
<response_lid ident="brighton_remembering_canvas_quiz_23MAY2023_788251461_section_3_item_1_schoice_RESPONSE_5657199" rcardinality="Single" rtiming="No">
<render_choice shuffle="No">
<flow_label class="List">
<response_label ident="brighton_remembering_canvas_quiz_23MAY2023_788251461_section_3_item_1_schoice_7679884087" rshuffle="No">
<material>
<mattext texttype="text/html" charset="utf-8"><![CDATA[
 Giraffe
]]></mattext>
</material>
</response_label>
</flow_label>
<flow_label class="List">
<response_label ident="brighton_remembering_canvas_quiz_23MAY2023_788251461_section_3_item_1_schoice_3789744427" rshuffle="No">
<material>
<mattext texttype="text/html" charset="utf-8"><![CDATA[
 Flamingo
]]></mattext>
</material>
</response_label>
</flow_label>
<flow_label class="List">
<response_label ident="brighton_remembering_canvas_quiz_23MAY2023_788251461_section_3_item_1_schoice_4258044613" rshuffle="No">
<material>
<mattext texttype="text/html" charset="utf-8"><![CDATA[
 Penguin
]]></mattext>
</material>
</response_label>
</flow_label>
</render_choice>
</response_lid>
</flow>
</presentation>
<resprocessing>
<outcomes>
<decvar varname="SCORE" vartype="Decimal" defaultval="0" minvalue="0" maxvalue="1" cutvalue="1"/>
</outcomes>
<respcondition title="Mastery" continue="No">
<conditionvar>
<and>
<varequal respident="brighton_remembering_canvas_quiz_23MAY2023_788251461_section_3_item_1_schoice_RESPONSE_5657199" case="Yes">brighton_remembering_canvas_quiz_23MAY2023_788251461_section_3_item_1_schoice_7679884087</varequal>
<not> <varequal respident="brighton_remembering_canvas_quiz_23MAY2023_788251461_section_3_item_1_schoice_RESPONSE_5657199" case="Yes">brighton_remembering_canvas_quiz_23MAY2023_788251461_section_3_item_1_schoice_3789744427</varequal> </not>
<not> <varequal respident="brighton_remembering_canvas_quiz_23MAY2023_788251461_section_3_item_1_schoice_RESPONSE_5657199" case="Yes">brighton_remembering_canvas_quiz_23MAY2023_788251461_section_3_item_1_schoice_4258044613</varequal> </not>
</and>
</conditionvar>
<setvar varname="SCORE" action="Set">1</setvar>
<displayfeedback feedbacktype="Response" linkrefid="correct_fb"/>
</respcondition>
<respcondition continue="Yes">
<conditionvar>
<other/>
</conditionvar>
<displayfeedback feedbacktype="Response" linkrefid="general_incorrect_fb"/>
</respcondition>
</resprocessing>
<itemfeedback ident="correct_fb" view="All">
<flow_mat>
<material>
<mattext texttype="text/html"><![CDATA[

]]></mattext>
</material>
</flow_mat>
</itemfeedback>
<itemfeedback ident="general_incorrect_fb" view="All">
<flow_mat>
<material>
<mattext texttype="text/html"><![CDATA[

]]></mattext>
</material>
</flow_mat>
</itemfeedback>
</item>


</section>

</assessment>
</questestinterop>
